{
  "timestamp": "2026-01-10 15:25:43.484599",
  "phase": "Phase 2 Enhanced",
  "hypothesis": "Order sensitivity is data-dependent, requiring duplicates",
  "datasets": {
    "Common Crawl URLs": {
      "characteristics": {
        "total_items": 64237,
        "unique_items": 64237,
        "unique_ratio": 1.0,
        "duplicate_ratio": 0.0,
        "burst_count": 0,
        "avg_burst_length": 0,
        "max_burst_length": 0
      },
      "results": {
        "grouped": {
          "time_to_5": 62000,
          "time_pct": 96.51758332425237,
          "early_25_error": 0.7477485798409106,
          "full_metrics": {
            "time_to_5_percent": 62000,
            "early_10_percent_error": 0.8917302057228969,
            "early_25_percent_error": 0.7477485798409106,
            "early_50_percent_error": 0.506047250662287,
            "final_error": 0.009653614191860338,
            "error_stability": 0.28704988083267263
          }
        },
        "random": {
          "time_to_5": 61000,
          "time_pct": 94.96084810934508,
          "early_25_error": 0.7411316747452258,
          "full_metrics": {
            "time_to_5_percent": 61000,
            "early_10_percent_error": 0.893171572611041,
            "early_25_percent_error": 0.7411316747452258,
            "early_50_percent_error": 0.47950403323565555,
            "final_error": 0.009653614191860338,
            "error_stability": 0.29809714780193
          }
        },
        "chronological": {
          "time_to_5": 62000,
          "time_pct": 96.51758332425237,
          "early_25_error": 0.7328868266243,
          "full_metrics": {
            "time_to_5_percent": 62000,
            "early_10_percent_error": 0.889147517295429,
            "early_25_percent_error": 0.7328868266243,
            "early_50_percent_error": 0.48781010922575063,
            "final_error": 0.009653614191860338,
            "error_stability": 0.29097735224855686
          }
        },
        "sensitivity_factor": 0.9838709677419355
      }
    },
    "Enron Email Addresses": {
      "characteristics": {
        "total_items": 100000,
        "unique_items": 2995,
        "unique_ratio": 0.02995,
        "duplicate_ratio": 0.97005,
        "burst_count": 29937,
        "avg_burst_length": 3.3022680963356383,
        "max_burst_length": 436
      },
      "results": {
        "grouped": {
          "time_to_5": 100000,
          "time_pct": 100.0,
          "early_25_error": 0.7583040743386071,
          "full_metrics": {
            "time_to_5_percent": 100000,
            "early_10_percent_error": 0.861036140466733,
            "early_25_percent_error": 0.7583040743386071,
            "early_50_percent_error": 0.4566688297422793,
            "final_error": 0.02593285595071689,
            "error_stability": 0.2989482688404038
          }
        },
        "random": {
          "time_to_5": 64000,
          "time_pct": 64.0,
          "early_25_error": 0.2943332715634979,
          "full_metrics": {
            "time_to_5_percent": 64000,
            "early_10_percent_error": 0.5179128049940235,
            "early_25_percent_error": 0.2943332715634979,
            "early_50_percent_error": 0.08253749334231476,
            "final_error": 0.02593285595071689,
            "error_stability": 0.21208369889500175
          }
        },
        "chronological": {
          "time_to_5": 96000,
          "time_pct": 96.0,
          "early_25_error": 0.6179774743422465,
          "full_metrics": {
            "time_to_5_percent": 96000,
            "early_10_percent_error": 0.8183761252295134,
            "early_25_percent_error": 0.6179774743422465,
            "early_50_percent_error": 0.38403644579211593,
            "final_error": 0.02593285595071689,
            "error_stability": 0.2658488673254843
          }
        },
        "sensitivity_factor": 0.64
      }
    }
  }
}