{
  "hll": {
    "grouped": {
      "time_to_5_percent": 20000,
      "early_25_percent_error": 0.011634220221281476,
      "early_50_percent_error": 0.005180686985348639,
      "final_error": 0.004153996140522086
    },
    "random": {
      "time_to_5_percent": 94000,
      "early_25_percent_error": 0.692864172841536,
      "early_50_percent_error": 0.45792280796197965,
      "final_error": 0.004153996140522086
    },
    "sensitivity_factor": 4.7
  },
  "linear_counting": {
    "grouped": {
      "time_to_5_percent": 20000,
      "early_25_percent_error": 0.0044502766520458795,
      "early_50_percent_error": 0.0057847570101125624,
      "final_error": 0.008793992780069718
    },
    "random": {
      "time_to_5_percent": 94000,
      "early_25_percent_error": 0.6926032412054363,
      "early_50_percent_error": 0.43842139570609273,
      "final_error": 0.008793992780069718
    },
    "sensitivity_factor": 4.7
  }
}